{"cameraMode":{"drawMode":2,"name":"Shaded Wireframe","section":"Shading Mode"},"sceneLighting":true,"audioPlay":false,"sceneViewState":{"m_AlwaysRefresh":true,"showFog":true,"showSkybox":true,"showFlares":true,"showImageEffects":true,"showParticleSystems":true,"showVisualEffectGraphs":true,"m_FxEnabled":true},"in2DMode":false,"pivot":{"x":0.5170385837554932,"y":1.4328027963638306,"z":-11.519837379455567},"rotation":{"x":-0.0014535520458593965,"y":-0.9985607266426086,"z":0.029961643740534784,"w":-0.04514440894126892},"size":7.527775287628174,"orthographic":false}