{"cameraMode":{"drawMode":2,"name":"Shaded Wireframe","section":"Shading Mode"},"sceneLighting":true,"audioPlay":false,"sceneViewState":{"m_AlwaysRefresh":true,"showFog":true,"showSkybox":true,"showFlares":true,"showImageEffects":true,"showParticleSystems":true,"showVisualEffectGraphs":true,"m_FxEnabled":true},"in2DMode":false,"pivot":{"x":0.8887932896614075,"y":1.4342670440673829,"z":0.11867691576480866},"rotation":{"x":-0.010487837716937065,"y":0.9645764827728272,"z":-0.26073458790779116,"w":-0.03880220651626587},"size":1.3659745454788209,"orthographic":false}